label,text
scam,Your bank account will be blocked today. Verify your KYC immediately.
scam,Urgent: your debit card is suspended. Send the OTP to customer support.
scam,Your KYC expires today. Enter your OTP to prevent account closure.
scam,Guaranteed 40% profit. Deposit money now to activate your trading account.
scam,Exclusive investment opportunity with guaranteed returns. Transfer money today.
scam,"Congratulations, you won a lottery prize. Pay a processing fee to claim it."
scam,Work from home job with huge salary. Pay a registration fee today.
scam,Your parcel is held by customs. Pay the delivery fee immediately.
scam,Your computer has a virus. Install AnyDesk and provide remote access.
scam,Police complaint filed against you. Pay the fine immediately to avoid arrest.
scam,Your tax refund is waiting. Enter your banking details and OTP.
scam,Loan approved instantly. Pay the processing fee before release.
scam,Send money urgently for an emergency and I will return it tomorrow.
scam,Customer care needs your PIN and OTP to verify your identity.
scam,Your account will be suspended unless you confirm your password.
scam,Claim your free gift by paying a small verification fee.
scam,A seller asks for advance payment outside the marketplace.
scam,Crypto trading guarantees double returns if you invest today.
scam,Your account has suspicious activity. Give support your login details.
scam,Act now or your service will be disconnected within 24 hours.
legitimate,"Hey, are we still meeting at 5 PM today?"
legitimate,The team meeting has been moved to Monday morning.
legitimate,Please send me the project report when you have time.
legitimate,Your order has been delivered successfully.
legitimate,Your monthly bank statement is available in the official banking app.
legitimate,Thanks for helping with the presentation yesterday.
legitimate,The library will close at 8 PM today.
legitimate,Please bring your ID card to the office tomorrow.
legitimate,Your appointment is confirmed for Friday at 10 AM.
legitimate,The payment you made at the store was successful.
legitimate,Here is the document we discussed during today’s meeting.
legitimate,Happy birthday! Hope you have a great day.
legitimate,The class starts at 9 AM in room 204.
legitimate,Your parcel has been delivered to the reception desk.
legitimate,Please review the project requirements.
legitimate,The train is scheduled to arrive at 6:30 PM.
legitimate,I will call you after I finish work.
legitimate,Your subscription renewal is available in your account settings.
legitimate,Can you share the notes from yesterday’s lecture?
legitimate,The office will be closed on the public holiday.
